{
  "feature_cols": [
    "price_log",
    "freight_value_log",
    "price_to_freight_ratio",
    "has_price_outlier",
    "days_since_reference",
    "is_weekend",
    "is_holiday_season",
    "category_target_enc",
    "category_frequency",
    "payment_type_credit_card",
    "payment_type_boleto",
    "payment_type_voucher",
    "payment_type_debit_card",
    "user_total_purchases",
    "user_avg_freight",
    "user_purchase_span_days",
    "user_recency_days",
    "product_popularity",
    "product_avg_review_score",
    "product_review_rate"
  ],
  "mean": [
    4.359651840385585,
    2.8933198284796187,
    6.127863126430234,
    0.009635069936577475,
    400.1949634210941,
    0.234491546049335,
    0.19018167761886354,
    4.123428613547786,
    0.050983106157197165,
    0.7561740325559421,
    0.20502798894758695,
    0.02847571189279732,
    0.01030795000644247,
    1.1689501639250384,
    19.577227915367075,
    5.559421036807971,
    308.2616071812052,
    32.87358444644877,
    4.087588572091169,
    0.9925378040186458
  ],
  "std": [
    0.9025605457691197,
    0.4717587691304072,
    8.590986622912634,
    0.0976843660157281,
    122.26506612940072,
    0.42368061187730505,
    0.3924444000325883,
    0.12562044434287548,
    0.02939593751353626,
    0.4293889437841025,
    0.4037220735799507,
    0.16632752545804233,
    0.10100344634272214,
    0.5675745689221938,
    14.194742117774354,
    36.00358724696329,
    123.51451596795371,
    69.86230495362499,
    0.8141999997433695,
    0.04984748874625057
  ]
}