{
  "test": {
    "HitRate@K": 0.22866894197952217,
    "Recall@K": 0.2212741751990899,
    "Precision@K": 0.022866894197952223,
    "NDCG@K": 0.13359219250752163,
    "MAP@K": 0.10934232623652418
  },
  "best_val_ndcg": 0.31166380315124415
}