{
  "test": {
    "HitRate@K": 0.3310580204778157,
    "Recall@K": 0.32764505119453924,
    "Precision@K": 0.033105802047781574,
    "NDCG@K": 0.163362092051964,
    "MAP@K": 0.11505227802156127
  },
  "train_sanity": {
    "HitRate@K": 0.996996996996997,
    "Recall@K": 0.996996996996997,
    "Precision@K": 0.09979979979979982,
    "NDCG@K": 0.5952589972208361,
    "MAP@K": 0.467884948440504
  },
  "baseline": {
    "HitRate@K": 0.009878100042034469,
    "Recall@K": 0.009597870253607959,
    "Precision@K": 0.0009878100042034444,
    "NDCG@K": 0.00452245084468538,
    "MAP@K": 0.0030672929580033426
  },
  "best_val_ndcg": 0.2892076269036694,
  "run_name": "NCF_emb32_h128-64-32_d0.3_lr1e-3"
}