{
  "test": {
    "HitRate@K": 0.4948805460750853,
    "Recall@K": 0.4886234357224119,
    "Precision@K": 0.05085324232081911,
    "NDCG@K": 0.27245185737322747,
    "MAP@K": 0.20810038463622083
  },
  "train_sanity": {
    "HitRate@K": 0.995995995995996,
    "Recall@K": 0.995995995995996,
    "Precision@K": 0.09964964964964966,
    "NDCG@K": 0.5826697587815824,
    "MAP@K": 0.4522190841635286
  },
  "baseline": {
    "HitRate@K": 0.009878100042034469,
    "Recall@K": 0.009597870253607959,
    "Precision@K": 0.0009878100042034444,
    "NDCG@K": 0.00452245084468538,
    "MAP@K": 0.0030672929580033426
  },
  "best_val_ndcg": 0.3506545433790485,
  "run_name": "Ablation_FINAL_no_aux_emb32"
}