{
  "test": {
    "HitRate@K": 0.3412969283276451,
    "Recall@K": 0.33219567690557456,
    "Precision@K": 0.034129692832764506,
    "NDCG@K": 0.1931910144958067,
    "MAP@K": 0.1547456525272225
  },
  "train_sanity": {
    "HitRate@K": 0.98998998998999,
    "Recall@K": 0.98998998998999,
    "Precision@K": 0.09904904904904907,
    "NDCG@K": 0.6024345355715061,
    "MAP@K": 0.4796879220490332
  },
  "baseline": {
    "HitRate@K": 0.009878100042034469,
    "Recall@K": 0.009597870253607959,
    "Precision@K": 0.0009878100042034444,
    "NDCG@K": 0.00452245084468538,
    "MAP@K": 0.0030672929580033426
  },
  "best_val_ndcg": 0.3441932915931524,
  "run_name": "Audit_Spearman_18feat"
}