{
  "test": {
    "HitRate@K": 0.3993174061433447,
    "Recall@K": 0.391353811149033,
    "Precision@K": 0.04061433447098976,
    "NDCG@K": 0.22260482032913342,
    "MAP@K": 0.17250392762338157
  },
  "train_sanity": {
    "HitRate@K": 0.996996996996997,
    "Recall@K": 0.996996996996997,
    "Precision@K": 0.09974974974974976,
    "NDCG@K": 0.608290120088819,
    "MAP@K": 0.4854656243545133
  },
  "baseline": {
    "HitRate@K": 0.009878100042034469,
    "Recall@K": 0.009597870253607959,
    "Precision@K": 0.0009878100042034444,
    "NDCG@K": 0.00452245084468538,
    "MAP@K": 0.0030672929580033426
  },
  "best_val_ndcg": 0.3418257704506983,
  "run_name": "NCF_FINAL_emb32_h64-32_d0.5_lr5e-4"
}