{
  "test": {
    "HitRate@K": 0.4334470989761092,
    "Recall@K": 0.4260523321956769,
    "Precision@K": 0.04436860068259386,
    "NDCG@K": 0.22320772641986597,
    "MAP@K": 0.16394170865160626
  },
  "train_sanity": {
    "HitRate@K": 0.9804804804804805,
    "Recall@K": 0.9804804804804805,
    "Precision@K": 0.09814814814814816,
    "NDCG@K": 0.5527710940954446,
    "MAP@K": 0.41771970383081497
  },
  "baseline": {
    "HitRate@K": 0.009878100042034469,
    "Recall@K": 0.009597870253607959,
    "Precision@K": 0.0009878100042034444,
    "NDCG@K": 0.00452245084468538,
    "MAP@K": 0.0030672929580033426
  },
  "best_val_ndcg": 0.28077868854281957,
  "run_name": "Ablation_no_aux_emb32"
}