{
  "test": {
    "HitRate@K": 0.3242320819112628,
    "Recall@K": 0.31456200227531284,
    "Precision@K": 0.03276450511945393,
    "NDCG@K": 0.18286260245646963,
    "MAP@K": 0.14589631074272716
  },
  "train_sanity": {
    "HitRate@K": 0.992992992992993,
    "Recall@K": 0.9927427427427428,
    "Precision@K": 0.09934934934934934,
    "NDCG@K": 0.6019258009956733,
    "MAP@K": 0.4781237586793142
  },
  "baseline": {
    "HitRate@K": 0.009878100042034469,
    "Recall@K": 0.009597870253607959,
    "Precision@K": 0.0009878100042034444,
    "NDCG@K": 0.00452245084468538,
    "MAP@K": 0.0030672929580033426
  },
  "best_val_ndcg": 0.34199375561099704,
  "run_name": "NCF_emb64_h256-128-64_d0.4_lr5e-4"
}